,CODE_GENDER_M,NAME_CONTRACT_TYPE_Cash_loans,EXT_SOURCE_3,NAME_EDUCATION_TYPE_Higher_education,EXT_SOURCE_2,FLAG_OWN_CAR,NAME_EDUCATION_TYPE_Secondary_or_secondary_special,prediction
0,0.0,1.0,0.5388627065779676,0.0,0.6199196557341671,1.0,1.0,0
1,0.0,1.0,0.6161216908872079,0.0,0.3892087053624167,1.0,1.0,0
2,1.0,1.0,0.2176285202779586,0.0,0.4888403363564924,0.0,1.0,0
3,1.0,1.0,0.2735646775174348,0.0,0.7666389391467826,0.0,1.0,0
4,1.0,1.0,0.5971924268337128,0.0,0.2781538332133105,1.0,1.0,0
