,NAME_EDUCATION_TYPE_Higher_education,EXT_SOURCE_3,EXT_SOURCE_2,CODE_GENDER_M,NAME_EDUCATION_TYPE_Secondary_or_secondary_special,NAME_CONTRACT_TYPE_Cash_loans,NAME_INCOME_TYPE_Working,prediction
0,1.0,0.4507472818545589,0.5892924846708494,0.0,0.0,0.0,1.0,0
1,0.0,0.7850520263728172,0.5621705612368714,0.0,1.0,1.0,1.0,0
2,0.0,0.5108529061799658,0.3447346612079093,0.0,1.0,1.0,1.0,0
3,0.0,0.5531646987710016,0.6451632059807737,0.0,1.0,1.0,0.0,0
4,1.0,0.8327850252992314,0.5636878040627834,0.0,0.0,1.0,1.0,0
