,CODE_GENDER_M,EXT_SOURCE_3,EXT_SOURCE_2,NAME_EDUCATION_TYPE_Secondary_or_secondary_special,NAME_EDUCATION_TYPE_Higher_education,NAME_CONTRACT_TYPE_Cash_loans,NAME_INCOME_TYPE_Working,prediction
0,0.0,0.4507472818545589,0.6980981131126076,0.0,1.0,1.0,0.0,0
1,0.0,0.4686596550493113,0.5682215450964254,1.0,0.0,1.0,1.0,0
2,0.0,0.5406544504453575,0.6197496110365575,1.0,0.0,1.0,0.0,0
3,0.0,0.7281412993111438,0.5994147302109158,1.0,0.0,1.0,1.0,0
4,0.0,0.1437580534911652,0.2389252722306525,1.0,0.0,1.0,1.0,1
