,CODE_GENDER_M,NAME_CONTRACT_TYPE_Cash_loans,NAME_EDUCATION_TYPE_Lower_secondary,EXT_SOURCE_3,NAME_EDUCATION_TYPE_Higher_education,NAME_EDUCATION_TYPE_Secondary_or_secondary_special
2924,0,1,1,0.1359510441732951,0,0
4375,0,1,1,0.2445163919946749,0,0
22946,0,1,1,0.248535557339522,0,0
24327,0,1,1,0.045052114710666,0,0
33253,1,1,1,0.190705947811054,0,0
42173,0,1,0,0.0839170036575357,0,0
